Jessica, Foden , BU, 45, 2009-12-29
Alix, Frasier , XB, 78, 2009-12-29
Lee, West , EB, 36, 2009-12-29
Mpho, Gundwaon , AU, 69, 2009-12-29
Genevieve, David , LF, 45, 2009-12-29
Steve, Begue , LF, 49, 2009-12-29
Carey, Khubeka , AH, 73, 2009-12-29
Sammy, Williams , LW, 10, 2009-12-29
Tom, Sean , SF, 16, 2009-12-29
Gary, Modric , UL, 67, 2009-12-29
Paul, Free , CA, 69, 2009-12-29
Micheal, Washington , CY, 38, 2009-12-29
Kim, Queens , BC, 69, 2009-12-29
Isaac, Thompsom , FA, 73, 2009-12-29
Austin, Harry , FJ, 56, 2009-12-29
Jessica, Foden , SG, 61, 2009-12-29
Alix, Frasier , KX, 18, 2009-12-29
Lee, West , MC, 100, 2009-12-29
Mpho, Gundwaon , FU, 66, 2009-12-29
Genevieve, David , VC, 32, 2009-12-29
Steve, Begue , XY, 60, 2009-12-29
Carey, Khubeka , KA, 79, 2009-12-29
Sammy, Williams , CX, 35, 2009-12-29
Tom, Sean , SA, 85, 2009-12-29
Gary, Modric , DC, 82, 2009-12-29
Paul, Free , WC, 100, 2009-12-29
Micheal, Washington , WY, 100, 2009-12-29
Kim, Queens , WS, 77, 2009-12-29
Isaac, Thompsom , UU, 24, 2009-12-29
Austin, Harry , FC, 50, 2009-12-29
